spec	kind	obligation	verified_section	design_note	owner
MC_AppleContainerLaunch	invariant	AdmissionBeforeLaunch	16	tla/16_apple_container_launch_containment.md	apple container launch boundary
MC_AppleContainerLaunch	invariant	AgentHomeNeverMountedWholesale	16	tla/16_apple_container_launch_containment.md	apple container launch boundary
MC_AppleContainerLaunch	invariant	CoveredReadDirsOmitted	16	tla/16_apple_container_launch_containment.md	apple container launch boundary
MC_AppleContainerLaunch	invariant	CredentialArtifactSessionScoped	16	tla/16_apple_container_launch_containment.md	apple container launch boundary
MC_AppleContainerLaunch	invariant	CredentialMaterializationGated	16	tla/16_apple_container_launch_containment.md	apple container launch boundary
MC_AppleContainerLaunch	invariant	CredentialPathsNeverMounted	16	tla/16_apple_container_launch_containment.md	apple container launch boundary
MC_AppleContainerLaunch	invariant	ForeignContainersUntouched	16	tla/16_apple_container_launch_containment.md	apple container launch boundary
MC_AppleContainerLaunch	invariant	IntegrationEnvRejected	16	tla/16_apple_container_launch_containment.md	apple container launch boundary
MC_AppleContainerLaunch	invariant	InvokerHomeNeverMounted	16	tla/16_apple_container_launch_containment.md	apple container launch boundary
MC_AppleContainerLaunch	invariant	NoUnexpectedLaunchEnv	16	tla/16_apple_container_launch_containment.md	apple container launch boundary
MC_AppleContainerLaunch	invariant	PlannedReadDirsMountedRO	16	tla/16_apple_container_launch_containment.md	apple container launch boundary
MC_AppleContainerLaunch	invariant	ProjectMountedRW	16	tla/16_apple_container_launch_containment.md	apple container launch boundary
MC_AppleContainerLaunch	invariant	SSHForwardingRejected	16	tla/16_apple_container_launch_containment.md	apple container launch boundary
MC_AppleContainerLaunch	invariant	SocketPublishingRejected	16	tla/16_apple_container_launch_containment.md	apple container launch boundary
MC_AppleContainerLaunch	invariant	TerminalContainerHandled	16	tla/16_apple_container_launch_containment.md	apple container launch boundary
MC_AppleContainerLaunch	invariant	TerminalCredResidueHandled	16	tla/16_apple_container_launch_containment.md	apple container launch boundary
MC_AppleContainerLaunch	invariant	TypeOK	16	tla/16_apple_container_launch_containment.md	apple container launch boundary
MC_AppleContainerLaunch	invariant	UnsupportedNetworkFailsClosed	16	tla/16_apple_container_launch_containment.md	apple container launch boundary
MC_BackupSafety	invariant	CloudRequiresConfig	3	tla/03_backup_restore_safety.md	backup restore lifecycle
MC_BackupSafety	invariant	CloudTargetsProject	3	tla/03_backup_restore_safety.md	backup restore lifecycle
MC_BackupSafety	invariant	NoOverwriteWithoutAttempt	3	tla/03_backup_restore_safety.md	backup restore lifecycle
MC_BackupSafety	invariant	PreRestoreSnapshotMatchesTarget	3	tla/03_backup_restore_safety.md	backup restore lifecycle
MC_BackupSafety	invariant	RepoBeforeSnapshot	3	tla/03_backup_restore_safety.md	backup restore lifecycle
MC_BackupSafety	invariant	RestoreReversible	3	tla/03_backup_restore_safety.md	backup restore lifecycle
MC_BackupSafety	invariant	TypeOK	3	tla/03_backup_restore_safety.md	backup restore lifecycle
MC_BackupSafety	property	RestoreEventuallyCompletes	3	tla/03_backup_restore_safety.md	backup restore lifecycle
MC_BackupSafety	property	SessionEventuallyLaunches	3	tla/03_backup_restore_safety.md	backup restore lifecycle
MC_BeadpostBrokerBoundary	invariant	AcceptedAuthorityEqualsLaunchFacts	15	tla/15_beadpost_broker_boundary.md	beadpost broker membrane
MC_BeadpostBrokerBoundary	invariant	AcceptedRequestHasConfirmedSession	15	tla/15_beadpost_broker_boundary.md	beadpost broker membrane
MC_BeadpostBrokerBoundary	invariant	AgentCannotSupplyAuthorityFields	15	tla/15_beadpost_broker_boundary.md	beadpost broker membrane
MC_BeadpostBrokerBoundary	invariant	BrokerSocketOnlyAfterConfirmedSession	15	tla/15_beadpost_broker_boundary.md	beadpost broker membrane
MC_BeadpostBrokerBoundary	invariant	DeliveryOnlyFromAcceptedRequest	15	tla/15_beadpost_broker_boundary.md	beadpost broker membrane
MC_BeadpostBrokerBoundary	invariant	HostAuthorityNeverAgentReadable	15	tla/15_beadpost_broker_boundary.md	beadpost broker membrane
MC_BeadpostBrokerBoundary	invariant	NoCrossSessionRequest	15	tla/15_beadpost_broker_boundary.md	beadpost broker membrane
MC_BeadpostBrokerBoundary	invariant	NoRequestAfterSessionClose	15	tla/15_beadpost_broker_boundary.md	beadpost broker membrane
MC_BeadpostBrokerBoundary	invariant	TypeOK	15	tla/15_beadpost_broker_boundary.md	beadpost broker membrane
MC_CredentialCapabilityLifecycle	invariant	AdapterRequiredNeverExposed	13	tla/13_credential_capability_lifecycle.md	credential capability lifecycle contract
MC_CredentialCapabilityLifecycle	invariant	CleanRecoveredStateHasNoCredentialResidue	13	tla/13_credential_capability_lifecycle.md	credential capability lifecycle contract
MC_CredentialCapabilityLifecycle	invariant	CleanRecoveredStateKeepsLatestHostOwned	13	tla/13_credential_capability_lifecycle.md	credential capability lifecycle contract
MC_CredentialCapabilityLifecycle	invariant	DeliveryMatchesRegistry	13	tla/13_credential_capability_lifecycle.md	credential capability lifecycle contract
MC_CredentialCapabilityLifecycle	invariant	IdleClearsSessionState	13	tla/13_credential_capability_lifecycle.md	credential capability lifecycle contract
MC_CredentialCapabilityLifecycle	invariant	LatestValueNeverSilentlyLost	13	tla/13_credential_capability_lifecycle.md	credential capability lifecycle contract
MC_CredentialCapabilityLifecycle	invariant	LaunchOnlyAfterRecovery	13	tla/13_credential_capability_lifecycle.md	credential capability lifecycle contract
MC_CredentialCapabilityLifecycle	invariant	NoCrossHarnessExposure	13	tla/13_credential_capability_lifecycle.md	credential capability lifecycle contract
MC_CredentialCapabilityLifecycle	invariant	NoDeliveryNeverExposed	13	tla/13_credential_capability_lifecycle.md	credential capability lifecycle contract
MC_CredentialCapabilityLifecycle	invariant	NoSessionExposureOutsideActivePhase	13	tla/13_credential_capability_lifecycle.md	credential capability lifecycle contract
MC_CredentialCapabilityLifecycle	invariant	NonHostBackendsHaveNoHostStore	13	tla/13_credential_capability_lifecycle.md	credential capability lifecycle contract
MC_CredentialCapabilityLifecycle	invariant	TypeOK	13	tla/13_credential_capability_lifecycle.md	credential capability lifecycle contract
MC_GitHookApproval	invariant	ApprovalStateWellFormed	11	tla/11_git_hook_approval.md	git hook approval contract
MC_GitHookApproval	invariant	ApprovedContentOnly	11	tla/11_git_hook_approval.md	git hook approval contract
MC_GitHookApproval	invariant	ComposedDispatcherRefusesDrift	11	tla/11_git_hook_approval.md	git hook approval contract
MC_GitHookApproval	invariant	FallbackDispatcherOnlyRefuses	11	tla/11_git_hook_approval.md	git hook approval contract
MC_GitHookApproval	invariant	HooksPathPinned	11	tla/11_git_hook_approval.md	git hook approval contract
MC_GitHookApproval	invariant	ManagedDispatcherRefusesDrift	11	tla/11_git_hook_approval.md	git hook approval contract
MC_GitHookApproval	invariant	NoImplicitWidening	11	tla/11_git_hook_approval.md	git hook approval contract
MC_GitHookApproval	invariant	RollbackClearsHookInstall	11	tla/11_git_hook_approval.md	git hook approval contract
MC_GitHookApproval	invariant	TypeOK	11	tla/11_git_hook_approval.md	git hook approval contract
MC_GitHookApproval	invariant	WrapperRefusesReroute	11	tla/11_git_hook_approval.md	git hook approval contract
MC_GitSSHRouting	invariant	DeterministicRouting	10	tla/10_git_ssh_routing.md	git ssh routing contract
MC_GitSSHRouting	invariant	HostsOutsideAllowlistRejected	10	tla/10_git_ssh_routing.md	git ssh routing contract
MC_GitSSHRouting	invariant	IdentitySourceClassified	10	tla/10_git_ssh_routing.md	git ssh routing contract
MC_GitSSHRouting	invariant	InlineKeysHaveDeclaredHosts	10	tla/10_git_ssh_routing.md	git ssh routing contract
MC_GitSSHRouting	invariant	NoCrossKey	10	tla/10_git_ssh_routing.md	git ssh routing contract
MC_GitSSHRouting	invariant	NoDanglingProfileRefs	10	tla/10_git_ssh_routing.md	git ssh routing contract
MC_GitSSHRouting	invariant	NoProfileInlineConflict	10	tla/10_git_ssh_routing.md	git ssh routing contract
MC_GitSSHRouting	invariant	OverlapRejectedAtConfigTime	10	tla/10_git_ssh_routing.md	git ssh routing contract
MC_GitSSHRouting	invariant	PresentKeysHaveIdentity	10	tla/10_git_ssh_routing.md	git ssh routing contract
MC_GitSSHRouting	invariant	SocketsDistinctForPresent	10	tla/10_git_ssh_routing.md	git ssh routing contract
MC_GitSSHRouting	invariant	TypeOK	10	tla/10_git_ssh_routing.md	git ssh routing contract
MC_HarnessLifecycle	invariant	DryRunLeavesStateUntouched	8	tla/08_harness_lifecycle.md	harness lifecycle contract
MC_HarnessLifecycle	invariant	ImportedMetadataCarriesVersion	8	tla/08_harness_lifecycle.md	harness lifecycle contract
MC_HarnessLifecycle	invariant	RecordedHarnessVersionsMatchSpec	8	tla/08_harness_lifecycle.md	harness lifecycle contract
MC_HarnessLifecycle	invariant	RollbackClearsMetadata	8	tla/08_harness_lifecycle.md	harness lifecycle contract
MC_HarnessLifecycle	invariant	RollbackDeleteUserRemovesArtifacts	8	tla/08_harness_lifecycle.md	harness lifecycle contract
MC_HarnessLifecycle	invariant	RollbackWithoutDeleteUserPreservesArtifacts	8	tla/08_harness_lifecycle.md	harness lifecycle contract
MC_HarnessLifecycle	invariant	SaveCoreStatePreservesHarnessMetadata	8	tla/08_harness_lifecycle.md	harness lifecycle contract
MC_HarnessLifecycle	invariant	StateFilePresentWhenMetadataExists	8	tla/08_harness_lifecycle.md	harness lifecycle contract
MC_HarnessLifecycle	invariant	TypeOK	8	tla/08_harness_lifecycle.md	harness lifecycle contract
MC_HarnessLifecycle	invariant	UninstallRemovesOnlyCodeAndMetadata	8	tla/08_harness_lifecycle.md	harness lifecycle contract
MC_LaunchFDIsolation	invariant	AgentFDTableAllowlisted	9	tla/09_launch_fd_isolation.md	launch fd isolation contract
MC_LaunchFDIsolation	invariant	AgentFDTableDoesNotCarryAuthority	9	tla/09_launch_fd_isolation.md	launch fd isolation contract
MC_LaunchFDIsolation	invariant	BrokerFDTableDropsHostInheritedFDs	9	tla/09_launch_fd_isolation.md	launch fd isolation contract
MC_LaunchFDIsolation	invariant	BrokerLaunchRequiresAuthenticatedPeer	9	tla/09_launch_fd_isolation.md	launch fd isolation contract
MC_LaunchFDIsolation	invariant	BrokerStartsOnlyAfterSandboxConfirmed	9	tla/09_launch_fd_isolation.md	launch fd isolation contract
MC_LaunchFDIsolation	invariant	CredentialFDsGoneBeforeSandbox	9	tla/09_launch_fd_isolation.md	launch fd isolation contract
MC_LaunchFDIsolation	invariant	ForkserverFDTableAllowlistedWhenReady	9	tla/09_launch_fd_isolation.md	launch fd isolation contract
MC_LaunchFDIsolation	invariant	HelperFDTableAllowlistedAtSandbox	9	tla/09_launch_fd_isolation.md	launch fd isolation contract
MC_LaunchFDIsolation	invariant	NoInheritedShellFDsAtSandbox	9	tla/09_launch_fd_isolation.md	launch fd isolation contract
MC_LaunchFDIsolation	invariant	StdioSurvivesToAgent	9	tla/09_launch_fd_isolation.md	launch fd isolation contract
MC_LaunchFDIsolation	invariant	TokenMintedOnlyAfterSandboxConfirmed	9	tla/09_launch_fd_isolation.md	launch fd isolation contract
MC_LaunchFDIsolation	invariant	TypeOK	9	tla/09_launch_fd_isolation.md	launch fd isolation contract
MC_LinuxNativeLaunch	invariant	ExecAfterMetadata	14	tla/14_linux_native_launch.md	linux native launch ordering contract
MC_LinuxNativeLaunch	invariant	FDsClosedBeforeNamespaces	14	tla/14_linux_native_launch.md	linux native launch ordering contract
MC_LinuxNativeLaunch	invariant	MetadataAfterEnforcement	14	tla/14_linux_native_launch.md	linux native launch ordering contract
MC_LinuxNativeLaunch	invariant	MountsAfterNamespaces	14	tla/14_linux_native_launch.md	linux native launch ordering contract
MC_LinuxNativeLaunch	invariant	NetworkNoneDeniedBeforeMetadata	14	tla/14_linux_native_launch.md	linux native launch ordering contract
MC_LinuxNativeLaunch	invariant	NoExecOnFailure	14	tla/14_linux_native_launch.md	linux native launch ordering contract
MC_LinuxNativeLaunch	invariant	NoExecWithMissingRequiredFeature	14	tla/14_linux_native_launch.md	linux native launch ordering contract
MC_LinuxNativeLaunch	invariant	PrivilegeDropBeforeLSMAndMetadata	14	tla/14_linux_native_launch.md	linux native launch ordering contract
MC_LinuxNativeLaunch	invariant	SpecValidatedBeforeSideEffects	14	tla/14_linux_native_launch.md	linux native launch ordering contract
MC_LinuxNativeLaunch	invariant	TypeOK	14	tla/14_linux_native_launch.md	linux native launch ordering contract
MC_Migration	invariant	Safety	4	tla/04_version_migration.md	version migration lifecycle
MC_Migration	invariant	TypeOK	4	tla/04_version_migration.md	version migration lifecycle
MC_Migration	property	EventuallyComplete	4	tla/04_version_migration.md	version migration lifecycle
MC_SeatbeltPolicy	invariant	AgentKeychainExceptionScoped	2	tla/02_seatbelt_policy_structure.md	seatbelt policy boundary
MC_SeatbeltPolicy	invariant	AttestationKeyReadDenied	2	tla/02_seatbelt_policy_structure.md	seatbelt policy boundary
MC_SeatbeltPolicy	invariant	AttestationKeyWriteDenied	2	tla/02_seatbelt_policy_structure.md	seatbelt policy boundary
MC_SeatbeltPolicy	invariant	ClaudeRuntimeTempScoped	2	tla/02_seatbelt_policy_structure.md	seatbelt policy boundary
MC_SeatbeltPolicy	invariant	CredentialReadDenied	2	tla/02_seatbelt_policy_structure.md	seatbelt policy boundary
MC_SeatbeltPolicy	invariant	CredentialWriteDenied	2	tla/02_seatbelt_policy_structure.md	seatbelt policy boundary
MC_SeatbeltPolicy	invariant	HostTempNotImplicitlyExecutable	2	tla/02_seatbelt_policy_structure.md	seatbelt policy boundary
MC_SeatbeltPolicy	invariant	HostTempNotImplicitlyReadable	2	tla/02_seatbelt_policy_structure.md	seatbelt policy boundary
MC_SeatbeltPolicy	invariant	HostTempNotImplicitlyWritable	2	tla/02_seatbelt_policy_structure.md	seatbelt policy boundary
MC_SeatbeltPolicy	invariant	NetworkDefaultAllowsOutbound	2	tla/02_seatbelt_policy_structure.md	seatbelt policy boundary
MC_SeatbeltPolicy	invariant	NetworkNoneDeniesDNS	2	tla/02_seatbelt_policy_structure.md	seatbelt policy boundary
MC_SeatbeltPolicy	invariant	NetworkNoneDeniesOutbound	2	tla/02_seatbelt_policy_structure.md	seatbelt policy boundary
MC_SeatbeltPolicy	invariant	NoBroadAgentHomeAllow	2	tla/02_seatbelt_policy_structure.md	seatbelt policy boundary
MC_SeatbeltPolicy	invariant	ProjectDirWritable	2	tla/02_seatbelt_policy_structure.md	seatbelt policy boundary
MC_SeatbeltPolicy	invariant	ReadDirSubsumption	2	tla/02_seatbelt_policy_structure.md	seatbelt policy boundary
MC_SeatbeltPolicy	invariant	ReadDirsNoWrite	2	tla/02_seatbelt_policy_structure.md	seatbelt policy boundary
MC_SeatbeltPolicy	invariant	ResumeDirNotCredential	2	tla/02_seatbelt_policy_structure.md	seatbelt policy boundary
MC_SeatbeltPolicy	invariant	SessionTempWritable	2	tla/02_seatbelt_policy_structure.md	seatbelt policy boundary
MC_SeatbeltPolicy	invariant	TempSocketsDenied	2	tla/02_seatbelt_policy_structure.md	seatbelt policy boundary
MC_SeatbeltPolicy	invariant	TypeOK	2	tla/02_seatbelt_policy_structure.md	seatbelt policy boundary
MC_SeatbeltPolicy	invariant	AgentHomeSubsUsable	2	tla/02_seatbelt_policy_structure.md	seatbelt policy boundary
MC_SeatbeltPolicy	invariant	PersistentAgentHomeNotImplicitlyExposedWhenSessionHome	2	tla/02_seatbelt_policy_structure.md	seatbelt policy boundary
MC_SeatbeltPolicy	invariant	SessionHomeSeparateFromCredentials	2	tla/02_seatbelt_policy_structure.md	seatbelt policy boundary
MC_SeatbeltPolicy	invariant	SessionHomeUsableWhenActive	2	tla/02_seatbelt_policy_structure.md	seatbelt policy boundary
MC_SeatbeltPolicy	invariant	UnlistedAgentHomeNotImplicitlyExecutable	2	tla/02_seatbelt_policy_structure.md	seatbelt policy boundary
MC_SeatbeltPolicy	invariant	UnlistedAgentHomeNotImplicitlyReadable	2	tla/02_seatbelt_policy_structure.md	seatbelt policy boundary
MC_SeatbeltPolicy	invariant	UnlistedAgentHomeNotImplicitlyWritable	2	tla/02_seatbelt_policy_structure.md	seatbelt policy boundary
MC_SecretStoreRecovery	invariant	CleanRecoveredStateHasNoAgentResidue	12	tla/12_secret_store_recovery.md	secret store recovery contract
MC_SecretStoreRecovery	invariant	CleanRecoveredStateKeepsLatestHostOwned	12	tla/12_secret_store_recovery.md	secret store recovery contract
MC_SecretStoreRecovery	invariant	IdleClearsSessionBaseline	12	tla/12_secret_store_recovery.md	secret store recovery contract
MC_SecretStoreRecovery	invariant	LatestValueNeverSilentlyLost	12	tla/12_secret_store_recovery.md	secret store recovery contract
MC_SecretStoreRecovery	invariant	LaunchOnlyAfterRecovery	12	tla/12_secret_store_recovery.md	secret store recovery contract
MC_SecretStoreRecovery	invariant	NoCrossHarnessAgentExposure	12	tla/12_secret_store_recovery.md	secret store recovery contract
MC_SecretStoreRecovery	invariant	TypeOK	12	tla/12_secret_store_recovery.md	secret store recovery contract
MC_ServiceHarnessLifecycle	invariant	AttachDetailsAfterReady	17	tla/17_service_harness_lifecycle.md	service harness lifecycle contract
MC_ServiceHarnessLifecycle	invariant	AttachOnlyAfterReady	17	tla/17_service_harness_lifecycle.md	service harness lifecycle contract
MC_ServiceHarnessLifecycle	invariant	AttachPolicyLocalOnly	17	tla/17_service_harness_lifecycle.md	service harness lifecycle contract
MC_ServiceHarnessLifecycle	invariant	CredentialMaterializationGated	17	tla/17_service_harness_lifecycle.md	service harness lifecycle contract
MC_ServiceHarnessLifecycle	invariant	CredentialRemovedOnlyAfterTypedPlan	17	tla/17_service_harness_lifecycle.md	service harness lifecycle contract
MC_ServiceHarnessLifecycle	invariant	LocalhostPortRequiresToken	17	tla/17_service_harness_lifecycle.md	service harness lifecycle contract
MC_ServiceHarnessLifecycle	invariant	NoHostDockerSocketExposure	17	tla/17_service_harness_lifecycle.md	service harness lifecycle contract
MC_ServiceHarnessLifecycle	invariant	NoNativeContainerStart	17	tla/17_service_harness_lifecycle.md	service harness lifecycle contract
MC_ServiceHarnessLifecycle	invariant	NoProfileDaemonBrowserOrEnvStart	17	tla/17_service_harness_lifecycle.md	service harness lifecycle contract
MC_ServiceHarnessLifecycle	invariant	PriorResidueHasMetadata	17	tla/17_service_harness_lifecycle.md	service harness lifecycle contract
MC_ServiceHarnessLifecycle	invariant	ReadyRequiresHealth	17	tla/17_service_harness_lifecycle.md	service harness lifecycle contract
MC_ServiceHarnessLifecycle	invariant	RejectedRequestsHaveNoCurrentSideEffects	17	tla/17_service_harness_lifecycle.md	service harness lifecycle contract
MC_ServiceHarnessLifecycle	invariant	SideEffectsHaveMetadata	17	tla/17_service_harness_lifecycle.md	service harness lifecycle contract
MC_ServiceHarnessLifecycle	invariant	StartOnlyAfterPriorResidueHandled	17	tla/17_service_harness_lifecycle.md	service harness lifecycle contract
MC_ServiceHarnessLifecycle	invariant	TerminalResidueHandled	17	tla/17_service_harness_lifecycle.md	service harness lifecycle contract
MC_ServiceHarnessLifecycle	invariant	TypeOK	17	tla/17_service_harness_lifecycle.md	service harness lifecycle contract
MC_ServiceHarnessLifecycle	invariant	UnsupportedRequestsFailClosed	17	tla/17_service_harness_lifecycle.md	service harness lifecycle contract
MC_SessionPermissionRepairs	invariant	BackfillIsOutsideStartupPlan	7	tla/07_session_permission_repairs.md	session permission repair contract
MC_SessionPermissionRepairs	invariant	DockerSkipsNativeACLRepairs	7	tla/07_session_permission_repairs.md	session permission repair contract
MC_SessionPermissionRepairs	invariant	HomebrewRepairRequiresEligibleCellar	7	tla/07_session_permission_repairs.md	session permission repair contract
MC_SessionPermissionRepairs	invariant	LaunchClearsFatalRepairNeeds	7	tla/07_session_permission_repairs.md	session permission repair contract
MC_SessionPermissionRepairs	invariant	PlannedRepairsMatchSnapshot	7	tla/07_session_permission_repairs.md	session permission repair contract
MC_SessionPermissionRepairs	invariant	PreviewIsReadOnly	7	tla/07_session_permission_repairs.md	session permission repair contract
MC_SessionPermissionRepairs	invariant	RollbackPreservesSessionRepairs	7	tla/07_session_permission_repairs.md	session permission repair contract
MC_SessionPermissionRepairs	invariant	TypeOK	7	tla/07_session_permission_repairs.md	session permission repair contract
MC_SessionPermissionRepairs	invariant	ValidatedCacheRequiresFreshMetadata	7	tla/07_session_permission_repairs.md	session permission repair contract
MC_SetupRollback	invariant	AgentContained	1	tla/01_setup_rollback_state_machine.md	setup rollback lifecycle
MC_SetupRollback	invariant	AgentDepsRequireUser	1	tla/01_setup_rollback_state_machine.md	setup rollback lifecycle
MC_SetupRollback	invariant	LinuxPrivilegeRequiresContainment	1	tla/01_setup_rollback_state_machine.md	setup rollback lifecycle
MC_SetupRollback	invariant	NoOrphanedArtifacts	1	tla/01_setup_rollback_state_machine.md	setup rollback lifecycle
MC_SetupRollback	invariant	PrivilegeRequiresAgentUser	1	tla/01_setup_rollback_state_machine.md	setup rollback lifecycle
MC_SetupRollback	invariant	SudoersRequiresHelper	1	tla/01_setup_rollback_state_machine.md	setup rollback lifecycle
MC_SetupRollback	invariant	TypeOK	1	tla/01_setup_rollback_state_machine.md	setup rollback lifecycle
MC_SetupRollback	property	CanAlwaysReachClean	1	tla/01_setup_rollback_state_machine.md	setup rollback lifecycle
MC_Tier3LaunchContainment	invariant	ApprovalBeforeLaunch	5	tla/05_tier3_launch_containment.md	tier3 launch boundary
MC_Tier3LaunchContainment	invariant	BackendValidationBeforeLaunch	5	tla/05_tier3_launch_containment.md	tier3 launch boundary
MC_Tier3LaunchContainment	invariant	CoveredReadDirsOmitted	5	tla/05_tier3_launch_containment.md	tier3 launch boundary
MC_Tier3LaunchContainment	invariant	CredentialPathsNeverMounted	5	tla/05_tier3_launch_containment.md	tier3 launch boundary
MC_Tier3LaunchContainment	invariant	ExtraWorkspaceVersionGate	5	tla/05_tier3_launch_containment.md	tier3 launch boundary
MC_Tier3LaunchContainment	invariant	IntegrationEnvRejected	5	tla/05_tier3_launch_containment.md	tier3 launch boundary
MC_Tier3LaunchContainment	invariant	NoUnexpectedLaunchEnv	5	tla/05_tier3_launch_containment.md	tier3 launch boundary
MC_Tier3LaunchContainment	invariant	PlannedReadDirsMountedRO	5	tla/05_tier3_launch_containment.md	tier3 launch boundary
MC_Tier3LaunchContainment	invariant	PolicyBeforeLaunch	5	tla/05_tier3_launch_containment.md	tier3 launch boundary
MC_Tier3LaunchContainment	invariant	ProjectMountedRW	5	tla/05_tier3_launch_containment.md	tier3 launch boundary
MC_Tier3LaunchContainment	invariant	ShellVersionGate	5	tla/05_tier3_launch_containment.md	tier3 launch boundary
MC_Tier3LaunchContainment	invariant	TypeOK	5	tla/05_tier3_launch_containment.md	tier3 launch boundary
MC_TierPolicyEquivalence	invariant	AncestorRewriteBreaksExactIdentity	6	tla/06_tier2_tier3_effective_policy_equivalence.md	tier policy equivalence contract
MC_TierPolicyEquivalence	invariant	CanonicalCoreContainmentEquivalent	6	tla/06_tier2_tier3_effective_policy_equivalence.md	tier policy equivalence contract
MC_TierPolicyEquivalence	invariant	CredentialInputsRejectedInBoth	6	tla/06_tier2_tier3_effective_policy_equivalence.md	tier policy equivalence contract
MC_TierPolicyEquivalence	invariant	IntegrationEnvBreaksExactIdentity	6	tla/06_tier2_tier3_effective_policy_equivalence.md	tier policy equivalence contract
MC_TierPolicyEquivalence	invariant	NetworkNoneBreaksExactIdentity	6	tla/06_tier2_tier3_effective_policy_equivalence.md	tier policy equivalence contract
MC_TierPolicyEquivalence	invariant	ResumeBreaksExactIdentity	6	tla/06_tier2_tier3_effective_policy_equivalence.md	tier policy equivalence contract
MC_TierPolicyEquivalence	invariant	TypeOK	6	tla/06_tier2_tier3_effective_policy_equivalence.md	tier policy equivalence contract
